{"loss": [0.6876198053359985, 0.42677316069602966, 0.36728793382644653, 0.33078840374946594, 0.30697956681251526, 0.28906482458114624, 0.2712887227535248, 0.2611614465713501, 0.24770928919315338, 0.23477491736412048, 0.22378842532634735, 0.21651031076908112, 0.20533089339733124, 0.1961076855659485, 0.18549694120883942], "accuracy": [0.7515416741371155, 0.8490416407585144, 0.8687499761581421, 0.8808749914169312, 0.8898125290870667, 0.8953750133514404, 0.9027916789054871, 0.9051666855812073, 0.9087708592414856, 0.9135416746139526, 0.9162708520889282, 0.9199374914169312, 0.9225208163261414, 0.9271249771118164, 0.9296249747276306], "val_loss": [0.42461854219436646, 0.3427789807319641, 0.3069583475589752, 0.2934875190258026, 0.2813606858253479, 0.2762697637081146, 0.25771060585975647, 0.2621227502822876, 0.25672921538352966, 0.25686585903167725, 0.24844057857990265, 0.2576523423194885, 0.2639751732349396, 0.25045517086982727, 0.26281940937042236], "val_accuracy": [0.8432499766349792, 0.8722500205039978, 0.8871666789054871, 0.8914166688919067, 0.8985000252723694, 0.8945000171661377, 0.9076666831970215, 0.9045000076293945, 0.9066666960716248, 0.9080833196640015, 0.9080833196640015, 0.9089166522026062, 0.9079999923706055, 0.9130833148956299, 0.9129166603088379]}