{"loss": [0.6572208404541016, 0.40780699253082275, 0.3441168963909149, 0.31331753730773926, 0.2882833778858185, 0.27440395951271057, 0.2611364424228668, 0.2493625283241272, 0.240310400724411, 0.22889792919158936, 0.22033542394638062, 0.21071745455265045, 0.20665307343006134, 0.20086053013801575, 0.19092236459255219], "accuracy": [0.7567708492279053, 0.8508333563804626, 0.8740416765213013, 0.8843541741371155, 0.8941041827201843, 0.8990833163261414, 0.9041875004768372, 0.9083750247955322, 0.9104375243186951, 0.9150416851043701, 0.9178958535194397, 0.9209166765213013, 0.9231458306312561, 0.9243958592414856, 0.9284166693687439], "val_loss": [0.40783166885375977, 0.33492106199264526, 0.30353352427482605, 0.2849366068840027, 0.27195730805397034, 0.25655725598335266, 0.24943019449710846, 0.24748308956623077, 0.24075299501419067, 0.23132452368736267, 0.231119304895401, 0.22964882850646973, 0.23304936289787292, 0.2281011939048767, 0.22644555568695068], "val_accuracy": [0.8481666445732117, 0.8755000233650208, 0.8854166865348816, 0.8956666588783264, 0.8974166512489319, 0.906083345413208, 0.906499981880188, 0.9079166650772095, 0.9120833277702332, 0.9159166812896729, 0.9150833487510681, 0.9167500138282776, 0.9164999723434448, 0.9160833358764648, 0.9183333516120911]}