{"loss": [0.6732035279273987, 0.42770129442214966, 0.36733704805374146, 0.3345896601676941, 0.3090941309928894, 0.29239189624786377, 0.2782168686389923, 0.26473328471183777, 0.25202760100364685, 0.23751051723957062, 0.22994105517864227, 0.22008001804351807, 0.20999275147914886, 0.19862566888332367, 0.19195950031280518], "accuracy": [0.7566666603088379, 0.8472916483879089, 0.8677916526794434, 0.8790833353996277, 0.8878541588783264, 0.8931458592414856, 0.898312509059906, 0.9020833373069763, 0.9072708487510681, 0.9124374985694885, 0.9149374961853027, 0.918749988079071, 0.9210625290870667, 0.9264166951179504, 0.9270625114440918], "val_loss": [0.4290657043457031, 0.3399718701839447, 0.3137483298778534, 0.3028363585472107, 0.2841651737689972, 0.27569353580474854, 0.26952454447746277, 0.2642676532268524, 0.2562592923641205, 0.25428152084350586, 0.257478266954422, 0.25115498900413513, 0.2511668801307678, 0.2476668506860733, 0.24549967050552368], "val_accuracy": [0.8379166722297668, 0.8740833401679993, 0.8868333101272583, 0.8894166946411133, 0.8922500014305115, 0.8988333344459534, 0.9000833630561829, 0.9007499814033508, 0.9075833559036255, 0.9077500104904175, 0.9079166650772095, 0.9109166860580444, 0.9102500081062317, 0.9112499952316284, 0.9129166603088379]}