{"loss": [0.5752386450767517, 0.3549712300300598, 0.307407021522522, 0.281194269657135, 0.25797945261001587, 0.239188089966774, 0.2232329398393631, 0.21267016232013702, 0.20162458717823029, 0.19262754917144775, 0.1843469738960266, 0.17416256666183472, 0.16747453808784485, 0.16073507070541382, 0.15555915236473083], "accuracy": [0.7944464087486267, 0.8700892925262451, 0.8880000114440918, 0.897678554058075, 0.9049464464187622, 0.9113749861717224, 0.9170178771018982, 0.9215714335441589, 0.9250178337097168, 0.928428590297699, 0.9315178394317627, 0.9335535764694214, 0.9359999895095825, 0.9396250247955322, 0.9421964287757874], "val_loss": [0.36364802718162537, 0.321438193321228, 0.2743227779865265, 0.26296940445899963, 0.24887897074222565, 0.2365151196718216, 0.23641927540302277, 0.22238120436668396, 0.23010624945163727, 0.22106891870498657, 0.22257503867149353, 0.2216048538684845, 0.21408364176750183, 0.22006656229496002, 0.21389944851398468], "val_accuracy": [0.8675714135169983, 0.8793571591377258, 0.899071455001831, 0.9033571481704712, 0.9076428413391113, 0.9119285941123962, 0.9114285707473755, 0.916357159614563, 0.9144999980926514, 0.9190000295639038, 0.9185000061988831, 0.9191428422927856, 0.9234285950660706, 0.9229285717010498, 0.9266428351402283]}