{"loss": [0.6070258617401123, 0.3757862448692322, 0.3211650848388672, 0.2912653684616089, 0.2711857259273529, 0.25539910793304443, 0.2428007572889328, 0.2283315360546112, 0.2221316397190094, 0.21330764889717102, 0.20276957750320435, 0.19681957364082336, 0.1891433298587799, 0.1836950033903122, 0.1753077358007431], "accuracy": [0.7793214321136475, 0.8622321486473083, 0.8826785683631897, 0.8921607136726379, 0.8985357284545898, 0.9055714011192322, 0.909928560256958, 0.9156607389450073, 0.9190000295639038, 0.9209464192390442, 0.9243749976158142, 0.9262857437133789, 0.9284821152687073, 0.9304285645484924, 0.9336428642272949], "val_loss": [0.37536412477493286, 0.31980693340301514, 0.288929283618927, 0.2703230381011963, 0.25535330176353455, 0.24484539031982422, 0.24118274450302124, 0.23697234690189362, 0.24212734401226044, 0.22926616668701172, 0.23236511647701263, 0.22811663150787354, 0.2272346466779709, 0.23535124957561493, 0.23183225095272064], "val_accuracy": [0.8579999804496765, 0.8788571357727051, 0.8949999809265137, 0.8998571634292603, 0.9056428670883179, 0.908214271068573, 0.9096428751945496, 0.9132142663002014, 0.9127143025398254, 0.9154285788536072, 0.914642870426178, 0.9160000085830688, 0.9192857146263123, 0.9132857322692871, 0.9152857065200806]}