{"loss": [0.6317205429077148, 0.3964211344718933, 0.3406609296798706, 0.3085281550884247, 0.2919137477874756, 0.27746284008026123, 0.265635222196579, 0.2521941661834717, 0.24109035730361938, 0.23351532220840454, 0.2273690551519394, 0.2154410183429718, 0.20979197323322296, 0.20335060358047485, 0.19952541589736938], "accuracy": [0.770395815372467, 0.8553749918937683, 0.875083327293396, 0.8866041898727417, 0.893541693687439, 0.8975833058357239, 0.9019583463668823, 0.9068750143051147, 0.9106041789054871, 0.9142083525657654, 0.916979193687439, 0.9194999933242798, 0.9227499961853027, 0.9246249794960022, 0.9255625009536743], "val_loss": [0.39169633388519287, 0.325663298368454, 0.2959193289279938, 0.27827394008636475, 0.26248475909233093, 0.26330214738845825, 0.25222304463386536, 0.24137668311595917, 0.23711168766021729, 0.23321211338043213, 0.2296091765165329, 0.23002713918685913, 0.2315768599510193, 0.2274547517299652, 0.22495582699775696], "val_accuracy": [0.8571666479110718, 0.8808333277702332, 0.8872500061988831, 0.8955833315849304, 0.9004999995231628, 0.9006666541099548, 0.9067500233650208, 0.9106666445732117, 0.9116666913032532, 0.9157500267028809, 0.9165833592414856, 0.9165833592414856, 0.9142500162124634, 0.9161666631698608, 0.918583333492279], "lr": 0.0010000000474974513}