{"loss": [0.6061919927597046, 0.38957470655441284, 0.3447607755661011, 0.3135530948638916, 0.295318067073822, 0.2770591974258423, 0.2635919451713562, 0.24937264621257782, 0.24025219678878784, 0.22747433185577393, 0.22016829252243042, 0.2090776115655899, 0.200914666056633, 0.1924896389245987, 0.1867203563451767], "accuracy": [0.7804583311080933, 0.8614374995231628, 0.8770416378974915, 0.8866041898727417, 0.8931666612625122, 0.8987500071525574, 0.9047916531562805, 0.9097083210945129, 0.9121666550636292, 0.9180416464805603, 0.9188125133514404, 0.9231458306312561, 0.926354169845581, 0.9297916889190674, 0.932729184627533], "val_loss": [0.3882907032966614, 0.3339596092700958, 0.308806449174881, 0.2988714575767517, 0.282220721244812, 0.3042033016681671, 0.26144856214523315, 0.2689579725265503, 0.26782283186912537, 0.266946017742157, 0.2558079957962036, 0.2596249580383301, 0.2557097375392914, 0.26028937101364136, 0.26318708062171936], "val_accuracy": [0.8620833158493042, 0.878083348274231, 0.887416660785675, 0.8884166479110718, 0.8942499756813049, 0.890666663646698, 0.9037500023841858, 0.9016666412353516, 0.9027500152587891, 0.9042500257492065, 0.9089999794960022, 0.9085000157356262, 0.9109166860580444, 0.9080833196640015, 0.9088333249092102]}