{"loss": [0.6172465682029724, 0.38643237948417664, 0.33317482471466064, 0.2990526854991913, 0.27760395407676697, 0.2634842097759247, 0.2442483901977539, 0.23470166325569153, 0.22136817872524261, 0.21523021161556244, 0.20480495691299438, 0.19619210064411163, 0.1873958557844162, 0.18235456943511963, 0.1771022379398346], "accuracy": [0.7722499966621399, 0.8584374785423279, 0.8790833353996277, 0.8903124928474426, 0.8994791507720947, 0.9030625224113464, 0.9088125228881836, 0.914020836353302, 0.9182083606719971, 0.9204999804496765, 0.9236458539962769, 0.9273541569709778, 0.9294583201408386, 0.9308333396911621, 0.9339583516120911], "val_loss": [0.38649219274520874, 0.32017046213150024, 0.2909475266933441, 0.26904594898223877, 0.26249849796295166, 0.24374990165233612, 0.24140289425849915, 0.23619501292705536, 0.22911661863327026, 0.2255806028842926, 0.23184940218925476, 0.23089009523391724, 0.21998457610607147, 0.22364884614944458, 0.21528202295303345], "val_accuracy": [0.859250009059906, 0.8794999718666077, 0.8932499885559082, 0.8976666927337646, 0.9028333425521851, 0.909500002861023, 0.9108333587646484, 0.9141666889190674, 0.9160833358764648, 0.9183333516120911, 0.9179999828338623, 0.9167500138282776, 0.9204999804496765, 0.922249972820282, 0.9229999780654907]}