{"loss": [0.5672757029533386, 0.3710377514362335, 0.3211303651332855, 0.2920334041118622, 0.27232933044433594, 0.25749799609184265, 0.24546007812023163, 0.23015114665031433, 0.22365963459014893, 0.2131500393152237, 0.2027757316827774, 0.19760555028915405, 0.1928739845752716, 0.18303990364074707, 0.17749007046222687], "accuracy": [0.7953958511352539, 0.8637291789054871, 0.8829583525657654, 0.8920416831970215, 0.8995624780654907, 0.9058333039283752, 0.9089791774749756, 0.9147083163261414, 0.9171249866485596, 0.9216458201408386, 0.9243749976158142, 0.9263333082199097, 0.9280208349227905, 0.932645857334137, 0.934458315372467], "val_loss": [0.6180751323699951, 0.3067004680633545, 0.29409030079841614, 0.2691706418991089, 0.2587311863899231, 0.2462722212076187, 0.2400038093328476, 0.24596258997917175, 0.2342749685049057, 0.22937901318073273, 0.22610600292682648, 0.23484675586223602, 0.2292097508907318, 0.23972859978675842, 0.2219260036945343], "val_accuracy": [0.7595000267028809, 0.8820833563804626, 0.8927500247955322, 0.8997499942779541, 0.903083324432373, 0.9090833067893982, 0.9104166626930237, 0.9073333144187927, 0.9120833277702332, 0.9140833616256714, 0.9171666502952576, 0.9140833616256714, 0.9157500267028809, 0.9125000238418579, 0.9210000038146973]}