{"loss": [0.5892820358276367, 0.39248213171958923, 0.34315967559814453, 0.31009945273399353, 0.2924182713031769, 0.2721264362335205, 0.2550685703754425, 0.2409483790397644, 0.2289801687002182, 0.2156904637813568, 0.2073996514081955, 0.20156332850456238, 0.18666645884513855, 0.17665265500545502, 0.16724930703639984], "accuracy": [0.7872708439826965, 0.8580416440963745, 0.87520831823349, 0.8860416412353516, 0.8926458358764648, 0.8999375104904175, 0.9058958292007446, 0.9109166860580444, 0.9145625233650208, 0.9193541407585144, 0.9228125214576721, 0.9238958358764648, 0.9307291507720947, 0.9338750243186951, 0.937333345413208], "val_loss": [0.6173416972160339, 0.30364859104156494, 0.30399397015571594, 0.28346243500709534, 0.2742280662059784, 0.2849995493888855, 0.2700071930885315, 0.2738402187824249, 0.2477043718099594, 0.25306594371795654, 0.26570096611976624, 0.2495192438364029, 0.24877266585826874, 0.25311005115509033, 0.26965463161468506], "val_accuracy": [0.76541668176651, 0.8840833306312561, 0.8850833177566528, 0.8954166769981384, 0.9021666646003723, 0.8959166407585144, 0.906333327293396, 0.9035833477973938, 0.9111666679382324, 0.9120833277702332, 0.9070000052452087, 0.9146666526794434, 0.9139166474342346, 0.9130833148956299, 0.9139999747276306]}