{"loss": [0.6515440940856934, 0.39903828501701355, 0.34576570987701416, 0.3091566264629364, 0.28509727120399475, 0.2682570815086365, 0.2539178133010864, 0.2397834211587906, 0.23378385603427887, 0.22286732494831085, 0.2169187217950821, 0.20465199649333954, 0.19810757040977478, 0.19294120371341705, 0.1856309026479721], "accuracy": [0.7639583349227905, 0.8542500138282776, 0.8740833401679993, 0.8869166374206543, 0.8966458439826965, 0.903166651725769, 0.906166672706604, 0.9118750095367432, 0.9140625, 0.9180208444595337, 0.9204999804496765, 0.9240624904632568, 0.9271249771118164, 0.9288125038146973, 0.9309166669845581], "val_loss": [0.40145719051361084, 0.3270796537399292, 0.30419325828552246, 0.2811795175075531, 0.26530560851097107, 0.2568952143192291, 0.24930359423160553, 0.24219639599323273, 0.2367982566356659, 0.23754021525382996, 0.22748292982578278, 0.22526507079601288, 0.22087126970291138, 0.2204071283340454, 0.21722224354743958], "val_accuracy": [0.8474166393280029, 0.877916693687439, 0.8857499957084656, 0.8930833339691162, 0.9042500257492065, 0.906333327293396, 0.9076666831970215, 0.9114999771118164, 0.9152500033378601, 0.9160000085830688, 0.9169166684150696, 0.9176666736602783, 0.9199166893959045, 0.9198333621025085, 0.922166645526886]}