{"loss": [0.680485725402832, 0.4112779200077057, 0.35568514466285706, 0.32194939255714417, 0.299692839384079, 0.27920034527778625, 0.2675267159938812, 0.25043267011642456, 0.2375931739807129, 0.22578367590904236, 0.2159733921289444, 0.20488767325878143, 0.19638800621032715, 0.1868177354335785, 0.17697958648204803], "accuracy": [0.7538333535194397, 0.8521249890327454, 0.8723750114440918, 0.885770857334137, 0.8924166560173035, 0.8991458415985107, 0.9040416479110718, 0.9083958268165588, 0.9134374856948853, 0.9172083139419556, 0.9207500219345093, 0.9249791502952576, 0.9275416731834412, 0.9307916760444641, 0.9344375133514404], "val_loss": [0.40466490387916565, 0.3379804790019989, 0.31884944438934326, 0.2880866229534149, 0.2811790704727173, 0.27448177337646484, 0.2636399269104004, 0.2545416057109833, 0.24863217771053314, 0.2629779875278473, 0.252835214138031, 0.24141119420528412, 0.24994401633739471, 0.24635756015777588, 0.2368312031030655], "val_accuracy": [0.8500000238418579, 0.8763333559036255, 0.8809166550636292, 0.8934166431427002, 0.8977500200271606, 0.9007499814033508, 0.9040833115577698, 0.9089166522026062, 0.9108333587646484, 0.9080833196640015, 0.9089999794960022, 0.9144999980926514, 0.9121666550636292, 0.9148333072662354, 0.9175833463668823]}