{"loss": [0.6134950518608093, 0.3777385950088501, 0.3231079876422882, 0.2922138571739197, 0.27329573035240173, 0.25359633564949036, 0.24053816497325897, 0.22932995855808258, 0.21498998999595642, 0.20907080173492432, 0.19774025678634644, 0.18884995579719543, 0.18192052841186523, 0.17545650899410248, 0.17056013643741608], "accuracy": [0.7791041731834412, 0.8636041879653931, 0.8836458325386047, 0.8928750157356262, 0.9003541469573975, 0.9052500128746033, 0.9103749990463257, 0.9152291417121887, 0.9202499985694885, 0.9237708449363708, 0.9273541569709778, 0.9300000071525574, 0.9322291612625122, 0.9335833191871643, 0.9355416893959045], "val_loss": [0.3925609886646271, 0.3170895278453827, 0.28700581192970276, 0.2646789252758026, 0.2545808255672455, 0.24328044056892395, 0.23990197479724884, 0.2297670692205429, 0.2293325662612915, 0.22583317756652832, 0.22260981798171997, 0.22219838201999664, 0.2206162065267563, 0.22386842966079712, 0.21864615380764008], "val_accuracy": [0.8571666479110718, 0.8823333382606506, 0.8920000195503235, 0.9027500152587891, 0.9073333144187927, 0.9078333377838135, 0.9115833044052124, 0.9160000085830688, 0.9151666760444641, 0.9160833358764648, 0.9195833206176758, 0.9194166660308838, 0.9169166684150696, 0.9181666374206543, 0.921833336353302]}