{"loss": [0.618909478187561, 0.38772818446159363, 0.33479684591293335, 0.3048861026763916, 0.28315359354019165, 0.2617757022380829, 0.24601662158966064, 0.22996993362903595, 0.21375197172164917, 0.20387396216392517, 0.19195200502872467, 0.1802745908498764, 0.16807380318641663, 0.15913036465644836, 0.15196944773197174], "accuracy": [0.7784374952316284, 0.8616458177566528, 0.8817499876022339, 0.8880624771118164, 0.8968124985694885, 0.9045624732971191, 0.910937488079071, 0.9143750071525574, 0.9199791550636292, 0.9236875176429749, 0.9289583563804626, 0.9317083358764648, 0.9356041550636292, 0.9392708539962769, 0.942270815372467], "val_loss": [0.36831241846084595, 0.31502917408943176, 0.2891126275062561, 0.274034708738327, 0.261300265789032, 0.2536058723926544, 0.2520377039909363, 0.25106972455978394, 0.24992135167121887, 0.24724484980106354, 0.2494441121816635, 0.2426641583442688, 0.24514546990394592, 0.2598192095756531, 0.25072401762008667], "val_accuracy": [0.8603333234786987, 0.8825833201408386, 0.8958333134651184, 0.9009166955947876, 0.9051666855812073, 0.9081666469573975, 0.909416675567627, 0.9088333249092102, 0.9104166626930237, 0.9129166603088379, 0.9138333201408386, 0.9155833125114441, 0.9152500033378601, 0.9140833616256714, 0.9185000061988831]}